<?xml version="1.0" encoding="utf-8"?>
<odoo noupdate="1">
    <record id="payment_provider_paytrail_odoo" model="payment.provider">
        <field name="name">Paytrail</field>
        <field name="code">paytrail</field>
        <field name="image_128" type="base64" file="payment_paytrail/static/description/icon.png"/>
        <field name="module_id" ref="base.module_payment_paytrail"/>
        <field name="payment_method_ids" eval="[Command.set([ref('payment_paytrail.payment_method_paytrail')])]"/>
        <field name="redirect_form_view_id" ref="redirect_form"/>
    </record>
</odoo>
