<?xml version="1.0" encoding="utf-8"?>
<odoo noupdate="1">
    <record id="payment_method_paytrail" model="payment.method">
        <field name="name">Paytrail</field>
        <field name="code">paytrail</field>
        <field name="sequence">1</field>
        <field name="image" type="base64" file="payment_paytrail/static/description/icon.png"/>
        <field name="support_tokenization">True</field>
        <field name="support_express_checkout">False</field>
        <field name="support_refund">partial</field>
    </record>
</odoo>
